{
    "train_losses": [
        0.3238461243288015,
        0.15554768041785494,
        0.12118120686624788,
        0.10430807137236019,
        0.0936044232806025,
        0.08680638735829438,
        0.08187038698796416,
        0.06948714166394822,
        0.06562190588012061,
        0.0638120441649302,
        0.059145971170625346,
        0.05480738260386237,
        0.05198807221296853,
        0.051846182486598946,
        0.04665416720505541,
        0.04248866630565984,
        0.03995821549268662,
        0.037862317822440705,
        0.03485832579927407,
        0.040637528642537106,
        0.0390338038375099,
        0.03510969594976856,
        0.03194605746191455,
        0.03097336649300115,
        0.03267080797232529,
        0.029185785429618985,
        0.025225203604036062,
        0.03232717716778538,
        0.023209214080926705,
        0.017564744282771116,
        0.019866773890004248,
        0.01616890235791035,
        0.019538687400929233,
        0.01721730286504852,
        0.01910845962072585,
        0.013450438629022884,
        0.012930714999841017,
        0.01545526998009422,
        0.014347997232733584,
        0.0185046819141886,
        0.014927167246603019,
        0.01093757272499167,
        0.010706595564709424,
        0.01088981634105004,
        0.01113881911905569,
        0.009193632787949706,
        0.01098799198173428,
        0.008891422752381252,
        0.009374382337287055
    ],
    "val_losses": [
        0.18308746161326156,
        0.11246610810363462,
        0.11391512291495058,
        0.11991461970726086,
        0.10903118428361724,
        0.08183125336285528,
        0.0701017279466855,
        0.07064216460774748,
        0.07115092176518359,
        0.06510073620300923,
        0.098241362621304,
        0.06674943886405235,
        0.05330398467969805,
        0.06287088880223766,
        0.05709891690887368,
        0.062375222125383496,
        0.0614906876084641,
        0.053260219724595645,
        0.05924551921731189,
        0.05004645618777085,
        0.04577110344085771,
        0.042516962534983375,
        0.04861916009075722,
        0.051448228524328274,
        0.050016382066773765,
        0.045576590955726574,
        0.04390468862699228,
        0.045693292250675,
        0.04928634740455733,
        0.04871698588970194,
        0.042892935240541816,
        0.03987882915865614,
        0.037374511720951305,
        0.0364365441589892,
        0.04880309294970602,
        0.04059252771092586,
        0.04200163094206069,
        0.04710081706845549,
        0.049323253509550864,
        0.05252646377797179,
        0.04017353663211292,
        0.04506290660276069,
        0.043947359019460494,
        0.037092303713071734,
        0.05593956018248212,
        0.05131608044223118,
        0.04570537887488539,
        0.04440794487487101,
        0.045617415387405
    ],
    "train_accuracies": [
        0.854050464807437,
        0.9406374501992032,
        0.9529880478087649,
        0.9596281540504648,
        0.9638778220451527,
        0.9665338645418327,
        0.9695883134130147,
        0.9745019920318725,
        0.9743691899070385,
        0.9741035856573705,
        0.9795484727755644,
        0.9812749003984064,
        0.9802124833997344,
        0.9790172642762284,
        0.9818061088977423,
        0.9832669322709163,
        0.9835325365205844,
        0.9873837981407703,
        0.9876494023904383,
        0.9855245683930943,
        0.9859229747675963,
        0.9868525896414343,
        0.9885790172642762,
        0.9875166002656043,
        0.9889774236387783,
        0.9891102257636122,
        0.9915006640106242,
        0.9881806108897743,
        0.9917662682602921,
        0.9944223107569721,
        0.9932270916334661,
        0.9948207171314741,
        0.9922974767596282,
        0.9941567065073041,
        0.9932270916334661,
        0.9961487383798141,
        0.995750332005312,
        0.9946879150066401,
        0.9949535192563081,
        0.9938911022576361,
        0.9945551128818061,
        0.9960159362549801,
        0.996547144754316,
        0.995750332005312,
        0.9962815405046481,
        0.997211155378486,
        0.9962815405046481,
        0.997078353253652,
        0.997078353253652
    ],
    "val_accuracies": [
        0.9149291075896581,
        0.9516263552960801,
        0.9499582985821518,
        0.9466221851542952,
        0.9516263552960801,
        0.9641367806505421,
        0.969140950792327,
        0.9666388657214345,
        0.969140950792327,
        0.9733110925771477,
        0.9624687239366139,
        0.9724770642201835,
        0.9741451209341118,
        0.9774812343619683,
        0.9791492910758965,
        0.9749791492910759,
        0.9766472060050042,
        0.9774812343619683,
        0.97581317764804,
        0.9766472060050042,
        0.981651376146789,
        0.9833194328607172,
        0.9783152627189324,
        0.9824854045037531,
        0.9808173477898249,
        0.9833194328607172,
        0.9799833194328608,
        0.9808173477898249,
        0.9833194328607172,
        0.9824854045037531,
        0.9849874895746455,
        0.9858215179316097,
        0.9866555462885738,
        0.9858215179316097,
        0.9808173477898249,
        0.9858215179316097,
        0.9849874895746455,
        0.9833194328607172,
        0.9841534612176814,
        0.9799833194328608,
        0.9858215179316097,
        0.9849874895746455,
        0.9858215179316097,
        0.987489574645538,
        0.9808173477898249,
        0.9833194328607172,
        0.9841534612176814,
        0.9883236030025021,
        0.9849874895746455
    ],
    "training_time": 27.19942569732666,
    "epochs_trained": 49.0
}