{
    "train_losses": [
        0.3629659685480085,
        0.1830666263421708,
        0.14963269229663673,
        0.12199432494990893,
        0.11802751396183503,
        0.10484079464733974,
        0.10331826356159013,
        0.08813441029368153,
        0.08026215761853334,
        0.08616696398713013,
        0.08109279774106083,
        0.07579407886649571,
        0.06532713687270725,
        0.06553747332009086,
        0.06436698825814303,
        0.0617273891327186,
        0.06164104234625326,
        0.05890848561237655,
        0.05817956096095512,
        0.05505137232989772,
        0.055627735273774646,
        0.04957330537623919,
        0.04592473179352498,
        0.05621220817841877,
        0.0481227037742563,
        0.051217738104686994,
        0.043382711485863444,
        0.04578996549386675,
        0.039622948214613735,
        0.039707390629328064,
        0.03530348329683445,
        0.04179336841143396,
        0.0382851206616919,
        0.03207526338219689,
        0.04434715806194838,
        0.03093072242675336,
        0.03392159458991758,
        0.03280941811259117,
        0.032775654690637576,
        0.03225126831927769,
        0.03258149455349049,
        0.030374422621436425,
        0.031066558488165887,
        0.02979786384819664,
        0.027823931502510443,
        0.02832327149436339,
        0.02648417382418276,
        0.025953372492580222,
        0.03111609531625012,
        0.024993222631704417,
        0.02648457591455892,
        0.02472494940946706,
        0.019887009343448968,
        0.025999447163760108,
        0.028195075267548084,
        0.024964288061987746,
        0.016437702322873064,
        0.020869323897344954,
        0.017915873774385607,
        0.016081344715234112,
        0.016006303461265144,
        0.014313112020152534,
        0.015468799178356234,
        0.014890336543718154,
        0.009099597528958508,
        0.010652857230941263,
        0.011864439939236643,
        0.013610096687844893,
        0.011379721477468487,
        0.013402522220963985,
        0.009445990205178278
    ],
    "val_losses": [
        0.1891800724311706,
        0.12913563951936932,
        0.09941192590215983,
        0.10273487516698289,
        0.09011956372044304,
        0.0847936273739674,
        0.08551640440713773,
        0.0762344398244507,
        0.07811204669026159,
        0.0766636379641031,
        0.07137692307088651,
        0.0752723981083384,
        0.0746750966634126,
        0.08223227312084633,
        0.07120559081199072,
        0.06297649834631283,
        0.06729980051094935,
        0.062448248913429295,
        0.05933438761903904,
        0.06157068032662604,
        0.07218756027103365,
        0.057075835192720525,
        0.06207834287322094,
        0.05675308102177917,
        0.061219380250366856,
        0.05590048280107269,
        0.06163456350148619,
        0.049779071661335314,
        0.05159398151392287,
        0.049099669492709525,
        0.05765156556166292,
        0.04700769610769792,
        0.05145520531340154,
        0.05298438990912754,
        0.04620089103235515,
        0.054447432197754685,
        0.0472170888664538,
        0.051331124631214184,
        0.04280427617608904,
        0.04933077295631593,
        0.05013434592559871,
        0.05227038887693695,
        0.04579378377484644,
        0.04701348848786947,
        0.041095870758660814,
        0.044194461978984384,
        0.05183405043468737,
        0.06494652531540847,
        0.03666148936644731,
        0.05287751491904706,
        0.0444361301112976,
        0.04479697976902972,
        0.04772769025823271,
        0.05012683808381007,
        0.04983169928750798,
        0.032275182383757914,
        0.032573059829145365,
        0.04027370878847143,
        0.042399472563999015,
        0.039970927969828325,
        0.04045916854427604,
        0.037251452990618064,
        0.03982629112315188,
        0.03480609674598001,
        0.042537213595692,
        0.04604549674819992,
        0.04020302297821846,
        0.043802201549774634,
        0.041750390287853774,
        0.039790440105172485,
        0.039060488941627176
    ],
    "train_accuracies": [
        0.8254431699687174,
        0.9194994786235662,
        0.9393117831074036,
        0.9511991657977059,
        0.948905109489051,
        0.9545359749739312,
        0.9557872784150157,
        0.9653806047966632,
        0.9666319082377477,
        0.964963503649635,
        0.9672575599582899,
        0.9701772679874869,
        0.9730969760166841,
        0.9743482794577685,
        0.9737226277372263,
        0.9772679874869656,
        0.9735140771637122,
        0.9764337851929092,
        0.9749739311783108,
        0.975599582898853,
        0.9772679874869656,
        0.9814389989572472,
        0.981021897810219,
        0.9797705943691345,
        0.9806047966631908,
        0.9789363920750782,
        0.9812304483837331,
        0.9831074035453597,
        0.983941605839416,
        0.9856100104275287,
        0.9854014598540146,
        0.983941605839416,
        0.9847758081334723,
        0.9874869655891554,
        0.9816475495307612,
        0.9879040667361835,
        0.9874869655891554,
        0.9854014598540146,
        0.9866527632950991,
        0.9874869655891554,
        0.9851929092805005,
        0.9887382690302399,
        0.9876955161626695,
        0.9887382690302399,
        0.9883211678832117,
        0.9883211678832117,
        0.9879040667361835,
        0.9899895724713242,
        0.9874869655891554,
        0.9904066736183524,
        0.9910323253388947,
        0.9897810218978103,
        0.9924921793534932,
        0.9895724713242962,
        0.989155370177268,
        0.9899895724713242,
        0.9954118873826903,
        0.9922836287799791,
        0.9933263816475495,
        0.9939520333680918,
        0.9937434827945777,
        0.9952033368091763,
        0.9939520333680918,
        0.9941605839416059,
        0.9966631908237747,
        0.9964546402502606,
        0.9949947862356622,
        0.9949947862356622,
        0.9964546402502606,
        0.9947862356621481,
        0.997288842544317
    ],