{
    "train_losses": [
        0.3313676402556548,
        0.14752930567400704,
        0.12943098944912393,
        0.09692359076414608,
        0.09225703223570093,
        0.08244518714339769,
        0.07806761283452213,
        0.06875032950365845,
        0.07056138932947341,
        0.05820956381995127,
        0.06067669731509163,
        0.060511726225326815,
        0.05066418406141707,
        0.046485198591681196,
        0.04504366525842166,
        0.045338490700836516,
        0.042047601590454974,
        0.04282790701867268,
        0.04221128853728097,
        0.036622618023024134,
        0.03339066978489577,
        0.03493864839741339,
        0.03120411417779734,
        0.02957118985819498,
        0.03015202946186679,
        0.026702454754313428,
        0.033788444498890284,
        0.026609151912754175,
        0.02596224100056264,
        0.02788702795507107,
        0.024687086858252955,
        0.025064741294450098,
        0.02298543637220786,
        0.020291089199054837,
        0.020173417596557087,
        0.01801408073499398,
        0.01442241516825944,
        0.015470651387416968,
        0.015482036671086412,
        0.01882391756250966,
        0.012111890577194176,
        0.00998521127909976,
        0.010508790108697442,
        0.011507661303149794,
        0.011379180584515038,
        0.009114971885950507,
        0.00950431307820046,
        0.007923036457621801,
        0.011181206935416256,
        0.009077727644561507,
        0.007804665502732351,
        0.0068468590164540094,
        0.00644235903175967,
        0.006884236504996068,
        0.005955831236943447,
        0.007201876579995662
    ],
    "val_losses": [
        0.19840803372676022,
        0.11541783303531933,
        0.11668167181555383,
        0.09965266148133314,
        0.09495954999111413,
        0.08129259213196227,
        0.08210298012914113,
        0.07597105235818329,
        0.06797766800444756,
        0.07993269929533406,
        0.0630719996180954,
        0.06232381526309316,
        0.06063315948413948,
        0.05983095951347275,
        0.07800542519624354,
        0.067451485666486,
        0.05512857417637378,
        0.05383925646344655,
        0.04508774168944737,
        0.05492944167530765,
        0.05439458580670554,
        0.04203366591914357,
        0.044456458443914035,
        0.05937784749531405,
        0.05656256820183959,
        0.04800001572618716,
        0.04870510369762965,
        0.03999539439642555,
        0.047456562878708475,
        0.07107870858760738,
        0.05175993135478581,
        0.044858006954859565,
        0.041166167737709494,
        0.05068387671634384,
        0.04075211202141264,
        0.043567182948258246,
        0.046805696092921546,
        0.05772935611312763,
        0.046224080118000374,
        0.043810334861910806,
        0.03983071120397605,
        0.04438867418967759,
        0.04213419363566374,
        0.043206106127774556,
        0.04920551457056493,
        0.045203502067217946,
        0.047559550134696184,
        0.04667604606236651,
        0.045604531419229655,
        0.047255164686555676,
        0.0467495870702392,
        0.04644752072903046,
        0.046759319152317756,
        0.047182644286542105,
        0.04737157374064576,
        0.04957319984993248
    ],
    "train_accuracies": [
        0.852456839309429,
        0.9442231075697212,
        0.951925630810093,
        0.9621513944223108,
        0.9628154050464808,
        0.9690571049136786,
        0.9710491367861885,
        0.9743691899070385,
        0.9727755644090306,
        0.9776892430278884,
        0.9783532536520584,
        0.9772908366533865,
        0.9810092961487383,
        0.9819389110225764,
        0.9835325365205844,
        0.9844621513944223,
        0.9844621513944223,
        0.9855245683930943,
        0.9844621513944223,
        0.9860557768924303,
        0.9884462151394422,
        0.9868525896414343,
        0.9891102257636122,
        0.9892430278884462,
        0.9885790172642762,
        0.9903054448871182,
        0.9892430278884462,
        0.9913678618857902,
        0.9911022576361221,
        0.9905710491367862,
        0.9913678618857902,
        0.9917662682602921,
        0.9912350597609562,
        0.9937583001328021,
        0.9933598937583001,
        0.9941567065073041,
        0.9948207171314741,
        0.9944223107569721,
        0.9949535192563081,
        0.9934926958831342,
        0.9960159362549801,
        0.9969455511288181,
        0.9966799468791501,
        0.9958831341301461,
        0.9958831341301461,
        0.9976095617529881,
        0.9962815405046481,
        0.997742363877822,
        0.995750332005312,
        0.996414342629482,
        0.997078353253652,
        0.997742363877822,
        0.9976095617529881,
        0.99734395750332,
        0.997742363877822,
        0.9968127490039841
    ],
    "val_accuracies": [
        0.9149291075896581,
        0.9491242702251876,
        0.9466221851542952,
        0.957464553794829,
        0.9582985821517932,
        0.9624687239366139,
        0.9641367806505421,
        0.9674728940783986,
        0.9649708090075062,
        0.9666388657214345,
        0.9741451209341118,
        0.9724770642201835,
        0.9724770642201835,
        0.9733110925771477,
        0.9666388657214345,
        0.9699749791492911,
        0.9791492910758965,
        0.9766472060050042,
        0.9833194328607172,
        0.9774812343619683,
        0.9783152627189324,
        0.9833194328607172,
        0.9824854045037531,
        0.9774812343619683,
        0.9783152627189324,
        0.9799833194328608,
        0.9774812343619683,
        0.9849874895746455,
        0.9833194328607172,
        0.9749791492910759,
        0.9808173477898249,
        0.9824854045037531,
        0.9824854045037531,
        0.981651376146789,
        0.9808173477898249,
        0.981651376146789,
        0.9824854045037531,
        0.9808173477898249,
        0.9841534612176814,
        0.9824854045037531,
        0.9841534612176814,
        0.9841534612176814,
        0.9841534612176814,
        0.9849874895746455,
        0.9841534612176814,
        0.9841534612176814,
        0.9841534612176814,
        0.9824854045037531,
        0.9824854045037531,
        0.9824854045037531,
        0.9833194328607172,
        0.981651376146789,
        0.981651376146789,
        0.9824854045037531,
        0.9824854045037531,
        0.981651376146789
    ],
    "training_time": 53.76846647262573,
    "epochs_trained": 56.0
}