{
    "train_losses": [
        0.3123092178210794,
        0.15495412028128724,
        0.12695741867164217,
        0.11076815120410792,
        0.09158976258608607,
        0.07890498521199739,
        0.07971308468723519,
        0.07526865232374721,
        0.06850703785840329,
        0.062152134122482806,
        0.06123795878070383,
        0.052788234806040134,
        0.05003150437784148,
        0.05028799099879831,
        0.044952359474492894,
        0.046036950925273566,
        0.042125929653145044,
        0.039082163441233046,
        0.04137353079284048,
        0.0376191778015871,
        0.03266766027400238,
        0.03576573054881329,
        0.029531558972547153,
        0.028374916076435056,
        0.035961294854072186,
        0.028700426092079456,
        0.027814247768439087,
        0.02601911069060089,
        0.029404283026750654,
        0.019333686269968155,
        0.017566073934523176,
        0.016117315051271234,
        0.0159529954071341,
        0.01531686597566297,
        0.01661553121508383,
        0.018719726658816133,
        0.014555723108301758,
        0.014949207629261422,
        0.010242149387628947,
        0.014215022943645548,
        0.009172937180995735,
        0.012064902385634001,
        0.009447578765661548,
        0.012619480039495904,
        0.009294810641793829,
        0.011559513412913182,
        0.010967443414478254,
        0.010054316149419576,
        0.00909585609883973,
        0.00893740210712533,
        0.007730757981896445,
        0.008649188049845206,
        0.007612209361439087,
        0.008933957070181171,
        0.008618567078538204,
        0.008350643966236283,
        0.00952181091018272,
        0.0068908453695093515,
        0.00667884939150442
    ],
    "val_losses": [
        0.18158446918486357,
        0.14935261841934855,
        0.12950043136982545,
        0.10157283846354166,
        0.10996832699360352,
        0.08530314487899911,
        0.08351320605274536,
        0.10534740207069014,
        0.08416868596523379,
        0.07453169214777693,
        0.06723245879552879,
        0.08307807191311567,
        0.06674160080510591,
        0.06854773978015301,
        0.060437094673414946,
        0.07314172316050535,
        0.0571756269961434,
        0.05258425696985213,
        0.05716005178965361,
        0.05214556268578686,
        0.04985145200393454,
        0.05007902587188394,
        0.04565657612233049,
        0.053675468764450396,
        0.05827751637551409,
        0.05316598689396422,
        0.06164534062601927,
        0.04619785493066545,
        0.05873332295397466,
        0.050092397478476686,
        0.03815572769994738,
        0.045711582599384855,
        0.04270508477755211,
        0.039209325621048265,
        0.042624638180906345,
        0.045326703597303696,
        0.05183096533370134,
        0.03525528444670097,
        0.03681192047477663,
        0.03746826078115906,
        0.04196280725223608,
        0.03321727745192633,
        0.038435648211611634,
        0.03191203261171006,
        0.03574301955023908,
        0.04631317287025774,
        0.039780113453950786,
        0.03830025731252888,
        0.03581140556862443,
        0.0369050994260451,
        0.03892646293621704,
        0.041686947066690294,
        0.03814261127729357,
        0.042657219008655226,
        0.04053804084069847,
        0.04299799122767417,
        0.04073636569294401,
        0.040382513030062434,
        0.04063362507594752
    ],
    "train_accuracies": [
        0.8620185922974768,
        0.9394422310756972,
        0.949933598937583,
        0.9557768924302789,
        0.9640106241699867,
        0.9705179282868526,
        0.9707835325365206,
        0.9687915006640107,
        0.9723771580345285,
        0.9750332005312085,
        0.9755644090305445,
        0.9794156706507304,
        0.9802124833997344,
        0.9818061088977423,
        0.9831341301460823,
        0.9844621513944223,
        0.9831341301460823,
        0.9859229747675963,
        0.9848605577689243,
        0.9861885790172643,
        0.9879150066401062,
        0.9875166002656043,
        0.9891102257636122,
        0.9896414342629483,
        0.9879150066401062,
        0.9897742363877822,
        0.9896414342629483,
        0.9917662682602921,
        0.9896414342629483,
        0.9933598937583001,
        0.9938911022576361,
        0.9941567065073041,
        0.9952191235059761,
        0.9948207171314741,
        0.9942895086321382,
        0.9929614873837982,
        0.9950863213811421,
        0.9946879150066401,
        0.9968127490039841,
        0.9949535192563081,
        0.997211155378486,
        0.996414342629482,
        0.9968127490039841,
        0.9961487383798141,
        0.997211155378486,
        0.9962815405046481,
        0.996547144754316,
        0.995750332005312,
        0.9968127490039841,
        0.997211155378486,
        0.9974767596281541,
        0.997742363877822,
        0.9976095617529881,
        0.99734395750332,
        0.997078353253652,
        0.9974767596281541,
        0.9969455511288181,
        0.997875166002656,
        0.9974767596281541
    ],
    "val_accuracies": [
        0.9224353628023353,
        0.932443703085905,
        0.944954128440367,
        0.9524603836530442,
        0.9499582985821518,
        0.957464553794829,
        0.9616346955796498,
        0.9566305254378649,
        0.9599666388657214,
        0.9666388657214345,
        0.969140950792327,
        0.9658048373644704,
        0.9674728940783986,
        0.9741451209341118,
        0.9783152627189324,
        0.9674728940783986,
        0.9724770642201835,
        0.9774812343619683,
        0.9741451209341118,
        0.9766472060050042,
        0.9766472060050042,
        0.9766472060050042,
        0.97581317764804,
        0.9766472060050042,
        0.9733110925771477,
        0.9824854045037531,
        0.9766472060050042,
        0.9808173477898249,
        0.9783152627189324,
        0.9783152627189324,
        0.9841534612176814,
        0.9766472060050042,
        0.9799833194328608,
        0.9866555462885738,
        0.9841534612176814,
        0.9791492910758965,
        0.9824854045037531,
        0.9841534612176814,
        0.9833194328607172,
        0.9849874895746455,
        0.9841534612176814,
        0.9891576313594662,
        0.9866555462885738,
        0.9858215179316097,
        0.9866555462885738,
        0.9833194328607172,
        0.9833194328607172,
        0.9858215179316097,
        0.987489574645538,
        0.9849874895746455,
        0.9833194328607172,
        0.9858215179316097,
        0.9858215179316097,
        0.9849874895746455,
        0.987489574645538,
        0.9841534612176814,
        0.9858215179316097,
        0.9858215179316097,
        0.9858215179316097
    ],
    "training_time": 37.65640425682068,
    "epochs_trained": 59.0
}