{
    "train_losses": [
        0.324723547176615,
        0.15501439450222104,
        0.12468371816761148,
        0.10156653380568126,
        0.09487233293028784,
        0.08510396751874481,
        0.07859258550908145,
        0.07058090475965464,
        0.06793485505142773,
        0.06358010579063836,
        0.06110638534887675,
        0.05784689103006441,
        0.052080819230516794,
        0.04888317570211502,
        0.04696736920842651,
        0.04459926598237835,
        0.04382234013937463,
        0.04281223234763817,
        0.0407409620126227,
        0.03638070843302012,
        0.0379247266499902,
        0.03203516462632266,
        0.03195716331512383,
        0.03042076058218263,
        0.03137878380839683,
        0.031246423359977633,
        0.023966744102742944,
        0.024838184875452824,
        0.020228321200662144,
        0.021957460275568576,
        0.01598218073066606,
        0.018108084628539058,
        0.01838269124508206,
        0.017946586454494762,
        0.01364227903497889,
        0.012144980879357038,
        0.014567067221335361,
        0.012590101696938897,
        0.011367038556620118,
        0.011271949471474642,
        0.012691075134693138,
        0.009151375525688833,
        0.011427708899656096
    ],
    "val_losses": [
        0.18647198197591097,
        0.11402933059059847,
        0.09937848240211668,
        0.10065378855177519,
        0.08145105551689043,
        0.08371158129690189,
        0.07991512927900164,
        0.09465707460102983,
        0.08378057123423617,
        0.08626024311624336,
        0.07230063733816446,
        0.06471140432428628,
        0.0677254676253374,
        0.05586819814128166,
        0.05282215043604126,
        0.06029047487494695,
        0.0569726547585168,
        0.0511695433274421,
        0.047236290040291576,
        0.04534120719531882,
        0.046837481190827215,
        0.06435348459902383,
        0.05208263958449335,
        0.048505026452147014,
        0.05011986848394122,
        0.04680593199235658,
        0.03832196256144282,
        0.034165998510674596,
        0.04067162408596767,
        0.041190629906554685,
        0.03869555124024968,
        0.040892036211870306,
        0.03971727106221536,
        0.0501717761364005,
        0.040517405844977074,
        0.04418498785949597,
        0.03926482324949073,
        0.03511101995180986,
        0.042344326572745165,
        0.03860436068416,
        0.04241372990062024,
        0.04215429286532989,
        0.04008931055929791
    ],
    "train_accuracies": [
        0.8573705179282869,
        0.9385126162018592,
        0.952191235059761,
        0.9610889774236387,
        0.9618857901726428,
        0.9654714475431607,
        0.9725099601593625,
        0.9726427622841965,
        0.9752988047808765,
        0.9747675962815405,
        0.9758300132802125,
        0.9760956175298805,
        0.9783532536520584,
        0.9814077025232404,
        0.9832669322709163,
        0.9822045152722444,
        0.9832669322709163,
        0.9849933598937582,
        0.9847277556440903,
        0.9873837981407703,
        0.9869853917662682,
        0.9876494023904383,
        0.9879150066401062,
        0.9881806108897743,
        0.9875166002656043,
        0.9904382470119522,
        0.9909694555112882,
        0.9907038512616202,
        0.9933598937583001,
        0.9916334661354582,
        0.9941567065073041,
        0.9945551128818061,
        0.9925630810092961,
        0.9934926958831342,
        0.9952191235059761,
        0.9969455511288181,
        0.9956175298804781,
        0.9942895086321382,
        0.9956175298804781,
        0.995750332005312,
        0.9956175298804781,
        0.997078353253652,
        0.9966799468791501
    ],
    "val_accuracies": [
        0.9190992493744787,
        0.9482902418682235,
        0.9549624687239366,
        0.9608006672226855,
        0.9599666388657214,
        0.963302752293578,
        0.9624687239366139,
        0.9591326105087573,
        0.9616346955796498,
        0.963302752293578,
        0.9699749791492911,
        0.9724770642201835,
        0.9733110925771477,
        0.9774812343619683,
        0.981651376146789,
        0.9774812343619683,
        0.9749791492910759,
        0.97581317764804,
        0.9774812343619683,
        0.9774812343619683,
        0.9766472060050042,
        0.97581317764804,
        0.9783152627189324,
        0.9783152627189324,
        0.9799833194328608,
        0.9808173477898249,
        0.9824854045037531,
        0.9858215179316097,
        0.9849874895746455,
        0.9833194328607172,
        0.9824854045037531,
        0.9841534612176814,
        0.9833194328607172,
        0.9841534612176814,
        0.9833194328607172,
        0.9824854045037531,
        0.9833194328607172,
        0.9866555462885738,
        0.9841534612176814,
        0.9841534612176814,
        0.9858215179316097,
        0.9841534612176814,
        0.9858215179316097
    ],
    "training_time": 23.129489183425903,
    "epochs_trained": 43.0
}