{
    "train_losses": [
        0.32376056902437095,
        0.1626760907154555,
        0.12412449789949623,
        0.10844338088831895,
        0.0949165597043506,
        0.09090274283439811,
        0.07617365700077726,
        0.07104604808912968,
        0.06887563375155052,
        0.06337835427675431,
        0.06237004853903772,
        0.05490304749980965,
        0.05248629924473891,
        0.049355724612733284,
        0.05133901180348212,
        0.04338561242884136,
        0.038850538920398414,
        0.04757595538479557,
        0.03902585062446941,
        0.03757575870377777,
        0.033878410911446645,
        0.03383400992684841,
        0.03591303853441777,
        0.03153509228510546,
        0.03234183673498284,
        0.03056905277587899,
        0.031640509649607816,
        0.03272587667035447,
        0.028651233182435887,
        0.025875509301494872,
        0.024664044266122617,
        0.022658651773749813,
        0.023927958623782403,
        0.02662900330379462,
        0.02340619101657212,
        0.017237609207298072,
        0.01810390942233428,
        0.01625391912842859,
        0.016525916187609034,
        0.011307326016568775,
        0.01683081683907151,
        0.013203510287232328,
        0.011959505060259104,
        0.012660553023411743,
        0.009148007137256145,
        0.008016523010841698,
        0.010597346639030293,
        0.00835203462282111,
        0.0073459324323993744,
        0.008891301611563622,
        0.008452182474801537,
        0.00721090756812251,
        0.006781119369438838
    ],
    "val_losses": [
        0.17442445012059582,
        0.12816546178167318,
        0.111367252746207,
        0.10438954920272613,
        0.09241611584151059,
        0.0834390383906619,
        0.08823355715768451,
        0.07583363607115702,
        0.0638161096240303,
        0.07897640159470126,
        0.06894289475055512,
        0.06272965380836518,
        0.06046910109689725,
        0.06116034465999629,
        0.0779605605565726,
        0.05242882840167591,
        0.06809280067876454,
        0.05199181610055025,
        0.05441378643293496,
        0.05601483854264008,
        0.046880772493832476,
        0.0580107753838508,
        0.045491750038277864,
        0.049119237387044865,
        0.04820959075696586,
        0.05164944033120589,
        0.04499120793396217,
        0.04470668072960619,
        0.040383108674833634,
        0.04492522662585512,
        0.048895019072972494,
        0.05722962186696649,
        0.050619231676896435,
        0.06268657741173356,
        0.04433222391115994,
        0.03634645872231102,
        0.04244099760558565,
        0.03181899372229797,
        0.0467726398683021,
        0.04623222302284645,
        0.04930260908552345,
        0.043444010193025295,
        0.04095671978877007,
        0.05540838004501569,
        0.045376195150226145,
        0.04836073488372711,
        0.04538557625719788,
        0.044853679572672486,
        0.04924704882957012,
        0.04970181937577254,
        0.050660451620419,
        0.04438603907916821,
        0.04995665502420093
    ],
    "train_accuracies": [
        0.8565737051792829,
        0.9370517928286852,
        0.9524568393094289,
        0.9610889774236387,
        0.9650730411686587,
        0.9656042496679947,
        0.9702523240371846,
        0.9738379814077025,
        0.9730411686586985,
        0.9749003984063745,
        0.9766268260292165,
        0.9791500664010624,
        0.9792828685258964,
        0.9815405046480744,
        0.9808764940239044,
        0.9836653386454183,
        0.9844621513944223,
        0.9837981407702523,
        0.9847277556440903,
        0.9860557768924303,
        0.9879150066401062,
        0.9876494023904383,
        0.9877822045152722,
        0.9881806108897743,
        0.9885790172642762,
        0.9891102257636122,
        0.9893758300132802,
        0.9868525896414343,
        0.9893758300132802,
        0.9907038512616202,
        0.9908366533864542,
        0.9916334661354582,
        0.9912350597609562,
        0.9901726427622842,
        0.9917662682602921,
        0.9945551128818061,
        0.9944223107569721,
        0.9948207171314741,
        0.9938911022576361,
        0.9969455511288181,
        0.9941567065073041,
        0.9946879150066401,
        0.9960159362549801,
        0.9966799468791501,
        0.9968127490039841,
        0.997211155378486,
        0.9968127490039841,
        0.9969455511288181,
        0.9976095617529881,
        0.997078353253652,
        0.997211155378486,
        0.99800796812749,
        0.9976095617529881
    ],
    "val_accuracies": [
        0.9249374478732277,
        0.944954128440367,
        0.9457881567973311,
        0.9524603836530442,
        0.9582985821517932,
        0.9649708090075062,
        0.963302752293578,
        0.9649708090075062,
        0.9708090075062552,
        0.9649708090075062,
        0.9641367806505421,
        0.9733110925771477,
        0.9699749791492911,
        0.9716430358632193,
        0.9683069224353628,
        0.97581317764804,
        0.9708090075062552,
        0.9741451209341118,
        0.9766472060050042,
        0.9783152627189324,
        0.981651376146789,
        0.9766472060050042,
        0.9824854045037531,
        0.9799833194328608,
        0.9808173477898249,
        0.9783152627189324,
        0.9791492910758965,
        0.9799833194328608,
        0.9833194328607172,
        0.9824854045037531,
        0.9799833194328608,
        0.9766472060050042,
        0.9774812343619683,
        0.9808173477898249,
        0.981651376146789,
        0.9833194328607172,
        0.9833194328607172,
        0.9849874895746455,
        0.9841534612176814,
        0.981651376146789,
        0.9824854045037531,
        0.9808173477898249,
        0.9833194328607172,
        0.9791492910758965,
        0.9808173477898249,
        0.9824854045037531,
        0.9841534612176814,
        0.981651376146789,
        0.981651376146789,
        0.9841534612176814,
        0.9824854045037531,
        0.9833194328607172,
        0.9833194328607172
    ],
    "training_time": 28.981865406036377,
    "epochs_trained": 53.0
}