{
    "train_losses": [
        0.8379443633762172,
        0.6480218570704163,
        0.5472780827190455,
        0.5004276694054622,
        0.45683428655424285
    ],
    "val_losses": [
        0.6543023547497862,
        0.545142718187663,
        0.48845887146859096,
        0.4425668651059432,
        0.40885659366274396
    ],
    "train_accuracies": [
        0.4638778220451527,
        0.6297476759628154,
        0.7205843293492696,
        0.7466135458167331,
        0.7843293492695883
    ],
    "val_accuracies": [
        0.5796497080900751,
        0.737281067556297,
        0.7581317764804003,
        0.7914929107589658,
        0.8123436196830692
    ],
    "training_time": 1.8048954010009766,
    "epochs_trained": 5.0
}