{
    "train_losses": [
        0.4684529902885951,
        0.2407103176927503,
        0.18273788493467993,
        0.1544250770433649,
        0.1391035643548446
    ],
    "val_losses": [
        0.29279767647944854,
        0.19544001906066263,
        0.17937720526286322,
        0.1407531054412404,
        0.13053411183206115
    ],
    "train_accuracies": [
        0.7762284196547145,
        0.9030544488711819,
        0.9288180610889775,
        0.9393094289508632,
        0.9448871181938912
    ],
    "val_accuracies": [
        0.8623853211009175,
        0.9124270225187656,
        0.9199332777314428,
        0.9399499582985822,
        0.9457881567973311
    ],
    "training_time": 8.616098880767822,
    "epochs_trained": 5.0
}