{
    "train_losses": [
        0.32306077536517086,
        0.16038880328119673,
        0.12670433411441476,
        0.10754297359056207,
        0.09372185624017816,
        0.0856136512055815,
        0.07774935696041521,
        0.06898247516289809,
        0.07344283131538713,
        0.06583592561209652,
        0.06075035341845882,
        0.05364523768044049,
        0.05075518717793909,
        0.050504749660340915,
        0.04282847016772742,
        0.0465034608861523,
        0.04294521908497173,
        0.037460455907339284,
        0.03598839518160202,
        0.03502748085125281,
        0.0345903272793726,
        0.03134920453952049,
        0.03200671990095313,
        0.029090236336862293,
        0.03437100985590839,
        0.031101820491171463,
        0.025764411753031163,
        0.02377721061843483,
        0.020046745783279578,
        0.019136413118261215,
        0.020235994467907553,
        0.018103513241947134,
        0.01605859769776168,
        0.014911862371284867,
        0.015313688604065909,
        0.014798541007140481,
        0.014669532505746466,
        0.01211196943981651,
        0.011620991949547344,
        0.010357330599393921,
        0.01067742851905744,
        0.011225268599530346,
        0.01285097262127774,
        0.011099957327289163,
        0.011102445657334259,
        0.01234636654858615,
        0.009195426555803715,
        0.006928681338244661,
        0.010983794519169426,
        0.011865272830235172,
        0.008689821983808478,
        0.009684373445527009,
        0.008725168945510212,
        0.00854207194088847
    ],
    "val_losses": [
        0.14312600184098395,
        0.10990799376873099,
        0.12506445775039998,
        0.10095633198821714,
        0.08712094255394494,
        0.07703106399870993,
        0.07237207552136929,
        0.0759697474439856,
        0.07960671690712878,
        0.10411242299633189,
        0.06669510950996937,
        0.07742614875329322,
        0.06239327441612018,
        0.056577091907664474,
        0.05573003716748192,
        0.05205741891477434,
        0.0619822750271945,
        0.0746147236367338,
        0.05106245122424283,
        0.052358346595875516,
        0.040593691486741,
        0.0460793853957234,
        0.05057451126357545,
        0.05976482783347132,
        0.04588391626715113,
        0.045411158867298414,
        0.041766647412771786,
        0.038380979903444676,
        0.04758161202010375,
        0.04449822077488028,
        0.04056984312515636,
        0.04651438033107662,
        0.0462851655142583,
        0.05138193639250646,
        0.042450283994347485,
        0.045318522367252034,
        0.045974136740116835,
        0.03877008490307526,
        0.03451382127959725,
        0.035866765579446805,
        0.04686084387079619,
        0.045893697485294614,
        0.041401618541205915,
        0.04544254999285305,
        0.04893475032602645,
        0.051258713850104436,
        0.044508596638239806,
        0.04443683528400192,
        0.05052448699913154,
        0.04072080352872658,
        0.045833227468862876,
        0.04434695408894583,
        0.04388542133994415,
        0.04377652567085438
    ],
    "train_accuracies": [
        0.8529880478087649,
        0.9355909694555112,
        0.951261620185923,
        0.9569721115537848,
        0.9641434262948207,
        0.9674634794156707,
        0.9701195219123506,
        0.9747675962815405,
        0.9727755644090306,
        0.9763612217795484,
        0.9776892430278884,
        0.9802124833997344,
        0.9802124833997344,
        0.9819389110225764,
        0.9837981407702523,
        0.9820717131474104,
        0.9852589641434263,
        0.9859229747675963,
        0.9857901726427623,
        0.9884462151394422,
        0.9861885790172643,
        0.9881806108897743,
        0.9869853917662682,
        0.9896414342629483,
        0.9868525896414343,
        0.9893758300132802,
        0.9904382470119522,
        0.9907038512616202,
        0.9934926958831342,
        0.9926958831341302,
        0.9920318725099602,
        0.9936254980079682,
        0.9945551128818061,
        0.9954847277556441,
        0.9941567065073041,
        0.9946879150066401,
        0.9944223107569721,
        0.9949535192563081,
        0.996414342629482,
        0.9966799468791501,
        0.996547144754316,
        0.9962815405046481,
        0.9954847277556441,
        0.996414342629482,
        0.9960159362549801,
        0.9956175298804781,
        0.997211155378486,
        0.997875166002656,
        0.9958831341301461,
        0.9958831341301461,
        0.996547144754316,
        0.9976095617529881,
        0.9961487383798141,
        0.99734395750332
    ],
    "val_accuracies": [
        0.9282735613010842,
        0.9482902418682235,
        0.9416180150125104,
        0.950792326939116,
        0.9591326105087573,
        0.9666388657214345,
        0.9683069224353628,
        0.963302752293578,
        0.9641367806505421,
        0.9591326105087573,
        0.9666388657214345,
        0.9649708090075062,
        0.9741451209341118,
        0.9724770642201835,
        0.9774812343619683,
        0.9766472060050042,
        0.9716430358632193,
        0.9716430358632193,
        0.9791492910758965,
        0.9783152627189324,
        0.9808173477898249,
        0.9791492910758965,
        0.9791492910758965,
        0.9766472060050042,
        0.9799833194328608,
        0.9824854045037531,
        0.9841534612176814,
        0.9841534612176814,
        0.9833194328607172,
        0.9833194328607172,
        0.9866555462885738,
        0.9841534612176814,
        0.9833194328607172,
        0.9808173477898249,
        0.9824854045037531,
        0.9849874895746455,
        0.981651376146789,
        0.9858215179316097,
        0.987489574645538,
        0.9858215179316097,
        0.9824854045037531,
        0.9808173477898249,
        0.9841534612176814,
        0.9849874895746455,
        0.9808173477898249,
        0.9791492910758965,
        0.9808173477898249,
        0.9849874895746455,
        0.9783152627189324,
        0.9849874895746455,
        0.9808173477898249,
        0.981651376146789,
        0.9841534612176814,
        0.9833194328607172
    ],
    "training_time": 27.74448585510254,
    "epochs_trained": 54.0
}