{
    "train_losses": [
        0.2873346849732155,
        0.1615190420497881
    ],
    "val_losses": [
        0.1465669481629029,
        0.14232420160732634
    ],
    "train_accuracies": [
        0.867778936392075,
        0.9326381647549531
    ],
    "val_accuracies": [
        0.932443703085905,
        0.932443703085905
    ],
    "training_time": 2.9138083457946777,
    "epochs_trained": 2
}