{
    "train_losses": [
        0.7961540067637408
    ],
    "val_losses": [
        0.7776853442192078
    ],
    "train_churn_losses": [
        0.6430159012476603
    ],
    "val_churn_losses": [
        0.6433929204940796
    ],
    "train_clv_losses": [
        0.30627622869279647
    ],
    "val_clv_losses": [
        0.26858487725257874
    ],
    "train_accuracies": [
        0.7962962962962963
    ],
    "val_accuracies": [
        0.7857142857142857
    ],
    "train_clv_mse": [
        0.3062762418890499
    ],
    "val_clv_mse": [
        0.26858486956485655
    ],
    "training_time": 0.07088565826416016,
    "epochs_trained": 1
}