{
    "train_losses": [
        0.33695018277225264,
        0.13982630718949624,
        0.10737844185228367
    ],
    "val_losses": [
        0.14996977427584415,
        0.1337584668740916,
        0.0932835743042506
    ],
    "train_accuracies": [
        0.8410358565737052,
        0.9455511288180611,
        0.9593625498007968
    ],
    "val_accuracies": [
        0.9349457881567973,
        0.9416180150125104,
        0.9532944120100083
    ],
    "training_time": 5.624614715576172,
    "epochs_trained": 3.0
}